regime,metric,parameter,S1,S1_conf,ST,ST_conf,log,contamination_%
metal,flux,temperature,0.9557382169547114,0.14001544508899905,0.9651134945045311,0.11386859915389778,True,14.1
metal,flux,oxide_thickness,0.0018945042221433569,0.01217020277368023,0.004768033523837741,0.0009605738119446398,True,14.1
metal,flux,metal_thickness,0.005437441550207552,0.014094201840865095,0.006996016986971431,0.0015786417896011746,True,14.1
metal,flux,k_diss_ref,3.0705997910108607e-06,1.6147703164476362e-05,8.706739361050541e-09,7.039352172676636e-09,True,14.1
metal,flux,trap_gb_N_T,3.968935087946281e-15,1.5016817395471967e-14,5.203892141019584e-27,1.152528682168693e-27,True,14.1
metal,flux,f_gb_defect,0.0002281566443503439,0.0034103160031823056,0.00032008745548272563,8.349954270227692e-05,True,14.1
metal,flux,H_sol_ox,0.02113919756016469,0.026846969871854913,0.02656427942861987,0.007319119511814904,True,14.1
metal,flux,trap_carbide_N_T,-3.278240328430512e-05,0.0005158324462400401,8.747463764104093e-06,2.066280715843507e-06,True,14.1
metal,permeability,temperature,0.8347517567054952,0.14250563215711112,0.887166735173508,0.12847750340740216,True,14.1
metal,permeability,oxide_thickness,0.0,0.0,0.0,0.0,True,14.1
metal,permeability,metal_thickness,0.0,0.0,0.0,0.0,True,14.1
metal,permeability,k_diss_ref,0.0,0.0,0.0,0.0,True,14.1
metal,permeability,trap_gb_N_T,1.4457080747184322e-16,6.783537946594961e-16,9.12414729932112e-30,5.893895733288665e-30,True,14.1
metal,permeability,f_gb_defect,0.0,0.0,0.0,0.0,True,14.1
metal,permeability,H_sol_ox,0.11613398694178449,0.07471362210080654,0.15943314979513723,0.03738223090214705,True,14.1
metal,permeability,trap_carbide_N_T,-6.5931982642239795e-06,8.54708463742761e-06,3.1519273375218463e-09,3.298286615561774e-09,True,14.1
metal,theta,temperature,0.9983240847034379,0.15205188201630787,0.9983413012089963,0.12176435862135115,False,14.1
metal,theta,oxide_thickness,-3.255887866451192e-05,4.144917445549868e-05,1.603173086553831e-07,2.673799649818936e-07,False,14.1
metal,theta,metal_thickness,5.4424687244630724e-05,6.568287745557566e-05,1.833164020085346e-07,1.1551484821050138e-07,False,14.1
metal,theta,k_diss_ref,1.2956174391646033e-05,0.00017737070845960139,1.1966585450059546e-06,9.151199074017317e-07,False,14.1
metal,theta,trap_gb_N_T,5.832493555106787e-17,2.071594672529123e-16,1.0644621287426958e-30,1.4043917049465756e-30,False,14.1
metal,theta,f_gb_defect,0.0,0.0,0.0,0.0,False,14.1
metal,theta,H_sol_ox,3.337306096628214e-05,0.00011327026088542742,5.497778785412549e-07,3.9895823787599716e-07,False,14.1
metal,theta,trap_carbide_N_T,4.4532616625459814e-07,1.0235210839517512e-06,4.933419023667726e-11,3.363008404592471e-11,False,14.1
surface,flux,temperature,0.7892689378416697,0.14347665917678876,0.7934873725448409,0.11257199617798837,True,56.2
surface,flux,P_upstream,0.1036103375278287,0.06137605967531597,0.11328814713596355,0.025746459029372462,True,56.2
surface,flux,f_pinhole,0.05453298141570145,0.03804589967372341,0.06256419517538629,0.017537653936549605,True,56.2
surface,flux,k_diss_ref,0.007726417703286541,0.02035570605901625,0.012019560042737578,0.003941020867871249,True,56.2
surface,flux,metal_thickness,0.021631015307819756,0.021123850307460897,0.014187841053493591,0.0035465947044313498,True,56.2
surface,flux,trap_dislocation_E_b,6.821593734996553e-17,1.0327772945189953e-16,4.175232990796562e-31,1.053634431266424e-31,True,56.2
surface,flux,k_diss_metal_ref,0.01606342154750403,0.0273372979575918,0.02486735356735292,0.009910323481216695,True,56.2
surface,flux,K_s_ref,0.024483243334600446,0.024565581999704756,0.025046220878270006,0.006154352923568718,True,56.2
surface,permeability,temperature,0.9981298355836526,0.13978693963532218,0.9981334491284798,0.11675588320312047,True,56.2
surface,permeability,P_upstream,0.0,0.0,0.0,0.0,True,56.2
surface,permeability,f_pinhole,0.0,0.0,0.0,0.0,True,56.2
surface,permeability,k_diss_ref,0.0,0.0,0.0,0.0,True,56.2
surface,permeability,metal_thickness,0.0,0.0,0.0,0.0,True,56.2
surface,permeability,trap_dislocation_E_b,0.0,0.0,0.0,0.0,True,56.2
surface,permeability,k_diss_metal_ref,0.0,0.0,0.0,0.0,True,56.2
surface,permeability,K_s_ref,-1.0977527356614808e-05,0.00015389299863866103,8.101153759783126e-07,3.2265424588975384e-07,True,56.2
surface,theta,temperature,0.6149196128720014,0.20181955021819298,0.8342826089122098,0.1726050097828145,False,56.2
surface,theta,P_upstream,0.08410668915895723,0.07981236346278545,0.26247927498383855,0.09050472963367816,False,56.2
surface,theta,f_pinhole,0.0,0.0,0.0,0.0,False,56.2
surface,theta,k_diss_ref,0.06749353036759458,0.07638163279609356,0.13320857147051018,0.054474444096953976,False,56.2
surface,theta,metal_thickness,0.0017597955854710987,0.010888982556713653,0.009114478178660157,0.004863678936015799,False,56.2
surface,theta,trap_dislocation_E_b,5.550727474742548e-18,3.906641513216457e-17,3.299589369455388e-32,2.0553533339664054e-32,False,56.2
surface,theta,k_diss_metal_ref,0.0,0.0,0.0,0.0,False,56.2
surface,theta,K_s_ref,0.008520559653546197,0.03246164372905578,0.03941211292777094,0.024024228957697593,False,56.2
oxide,flux,temperature,0.8381342220025468,0.14556322853297068,0.8705897117163044,0.12997859939998987,True,7.9
oxide,flux,H_sol_ox,0.08247176381828564,0.0637942580441019,0.1288980173756632,0.02853153651304355,True,7.9
oxide,flux,f_pinhole,-0.00033868952081719773,0.005854470539081632,0.0009507014202706875,0.000546162549004161,True,7.9
oxide,flux,D_ref,-0.0005012815040995146,0.003839923732967742,0.0005381048475476995,0.00024284997068397382,True,7.9
oxide,flux,trap_dislocation_N_T,-3.8734178248401515e-18,3.461091871739926e-17,2.704524559811408e-32,1.2660043647102823e-32,True,7.9
oxide,flux,D_ox_ref,0.00887419198412529,0.0157182305400771,0.007435768404851805,0.001409744763299516,True,7.9
oxide,flux,oxide_thickness,0.017223508450978583,0.022251198788972956,0.016319173619574013,0.003516223440705415,True,7.9
oxide,flux,trap_carbide_N_T,-0.00012167087993144259,0.0001288937903842694,6.449853854344433e-07,3.5150518094071303e-07,True,7.9
oxide,permeability,temperature,0.828928317505522,0.13997259385185948,0.8697976898697343,0.13275554180913565,True,7.9
oxide,permeability,H_sol_ox,0.10211552593962886,0.06944246181145343,0.15267068775493065,0.03647567929007937,True,7.9
oxide,permeability,f_pinhole,0.0,0.0,0.0,0.0,True,7.9
oxide,permeability,D_ref,-1.7317150929197708e-07,5.335456182117543e-07,7.918580389123533e-11,1.0423299874021066e-10,True,7.9
oxide,permeability,trap_dislocation_N_T,0.0,0.0,0.0,0.0,True,7.9
oxide,permeability,D_ox_ref,0.009213049981889987,0.01873348739561141,0.009450633780737074,0.0017842454427493006,True,7.9
oxide,permeability,oxide_thickness,0.0,0.0,0.0,0.0,True,7.9
oxide,permeability,trap_carbide_N_T,1.9016176584975366e-08,3.6633440392296946e-08,5.139829906214889e-14,4.391885743702745e-14,True,7.9
oxide,theta,temperature,0.9983540423340543,0.15183755384525313,0.9983470424550683,0.12168625190724025,False,7.9
oxide,theta,H_sol_ox,5.581199391726326e-06,9.853446649338809e-06,8.376151955419702e-09,8.659722282307892e-09,False,7.9
oxide,theta,f_pinhole,0.0,0.0,0.0,0.0,False,7.9
oxide,theta,D_ref,3.401756106650888e-07,6.525215697928902e-07,8.155205732757716e-11,1.4730209913573672e-10,False,7.9
oxide,theta,trap_dislocation_N_T,0.0,0.0,0.0,0.0,False,7.9
oxide,theta,D_ox_ref,-3.433218879112036e-06,7.826937389431464e-06,3.4302362207787616e-09,5.358206950465403e-09,False,7.9
oxide,theta,oxide_thickness,6.8648019660245915e-06,6.604855915137569e-06,4.209145791950205e-09,5.01221051222408e-09,False,7.9
oxide,theta,trap_carbide_N_T,7.909001107974528e-09,1.4646315228199468e-08,7.198449104717987e-14,9.630998198492705e-14,False,7.9
