ID,Seed,Overall Score,RMSE,Breakdown,"S1(Al,B,C,Cr,Fe,Mo,Ni)"
1,1781193650,0.6448714738049448,0.35512852619505525,"S1(Al,B,C,Cr,Fe,Mo,Ni):0.645",0.6448714738049448
2,1781193651,0.4340454888369777,0.5659545111630223,"S1(Al,B,C,Cr,Fe,Mo,Ni):0.434",0.4340454888369777
3,1781193652,0.6360733683798652,0.36392663162013483,"S1(Al,B,C,Cr,Fe,Mo,Ni):0.636",0.6360733683798652
4,1781193653,0.6138937187924163,0.3861062812075837,"S1(Al,B,C,Cr,Fe,Mo,Ni):0.614",0.6138937187924163
5,1781193654,0.5976294183783342,0.4023705816216658,"S1(Al,B,C,Cr,Fe,Mo,Ni):0.598",0.5976294183783342
6,1781193655,0.6102321610846793,0.3897678389153207,"S1(Al,B,C,Cr,Fe,Mo,Ni):0.610",0.6102321610846793
7,1781193656,0.5881419601876736,0.41185803981232644,"S1(Al,B,C,Cr,Fe,Mo,Ni):0.588",0.5881419601876736
8,1781193657,0.6703200936483291,0.3296799063516709,"S1(Al,B,C,Cr,Fe,Mo,Ni):0.670",0.6703200936483291
9,1781193658,0.5257466475925763,0.4742533524074237,"S1(Al,B,C,Cr,Fe,Mo,Ni):0.526",0.5257466475925763
10,1781193659,0.6396979599148545,0.3603020400851455,"S1(Al,B,C,Cr,Fe,Mo,Ni):0.640",0.6396979599148545
11,1781193661,0.5708772107179272,0.42912278928207276,"S1(Al,B,C,Cr,Fe,Mo,Ni):0.571",0.5708772107179272
12,1781193662,0.6255162039662046,0.3744837960337955,"S1(Al,B,C,Cr,Fe,Mo,Ni):0.626",0.6255162039662046
13,1781193663,0.6093465941107925,0.39065340588920744,"S1(Al,B,C,Cr,Fe,Mo,Ni):0.609",0.6093465941107925
14,1781193664,0.6757411439652985,0.32425885603470156,"S1(Al,B,C,Cr,Fe,Mo,Ni):0.676",0.6757411439652985
15,1781193665,0.5643187769917262,0.4356812230082738,"S1(Al,B,C,Cr,Fe,Mo,Ni):0.564",0.5643187769917262
16,1781193666,0.5716427258086851,0.4283572741913149,"S1(Al,B,C,Cr,Fe,Mo,Ni):0.572",0.5716427258086851
17,1781193667,0.6318893147387357,0.3681106852612643,"S1(Al,B,C,Cr,Fe,Mo,Ni):0.632",0.6318893147387357
18,1781193668,0.5150332807154923,0.4849667192845077,"S1(Al,B,C,Cr,Fe,Mo,Ni):0.515",0.5150332807154923
19,1781193669,0.6057396881484909,0.39426031185150917,"S1(Al,B,C,Cr,Fe,Mo,Ni):0.606",0.6057396881484909
20,1781193670,0.5727925994752263,0.42720740052477374,"S1(Al,B,C,Cr,Fe,Mo,Ni):0.573",0.5727925994752263
21,1781193672,0.5818604429130161,0.41813955708698386,"S1(Al,B,C,Cr,Fe,Mo,Ni):0.582",0.5818604429130161
22,1781193673,0.5389653898746369,0.46103461012536306,"S1(Al,B,C,Cr,Fe,Mo,Ni):0.539",0.5389653898746369
23,1781193674,0.7249877022366822,0.2750122977633178,"S1(Al,B,C,Cr,Fe,Mo,Ni):0.725",0.7249877022366822
24,1781193675,0.6486515674794426,0.3513484325205574,"S1(Al,B,C,Cr,Fe,Mo,Ni):0.649",0.6486515674794426
25,1781193676,0.6057514144425524,0.3942485855574475,"S1(Al,B,C,Cr,Fe,Mo,Ni):0.606",0.6057514144425524
26,1781193677,0.6396713176613829,0.3603286823386172,"S1(Al,B,C,Cr,Fe,Mo,Ni):0.640",0.6396713176613829
27,1781193678,0.7064333016176929,0.2935666983823071,"S1(Al,B,C,Cr,Fe,Mo,Ni):0.706",0.7064333016176929
28,1781193679,0.6933414906522835,0.3066585093477166,"S1(Al,B,C,Cr,Fe,Mo,Ni):0.693",0.6933414906522835
29,1781193680,0.611165370117041,0.388834629882959,"S1(Al,B,C,Cr,Fe,Mo,Ni):0.611",0.611165370117041
30,1781193682,0.6058448702299755,0.3941551297700246,"S1(Al,B,C,Cr,Fe,Mo,Ni):0.606",0.6058448702299755
31,1781193683,0.6350361236212596,0.36496387637874045,"S1(Al,B,C,Cr,Fe,Mo,Ni):0.635",0.6350361236212596
32,1781193684,0.6021129939711498,0.3978870060288502,"S1(Al,B,C,Cr,Fe,Mo,Ni):0.602",0.6021129939711498
33,1781193685,0.60763353421602,0.39236646578398,"S1(Al,B,C,Cr,Fe,Mo,Ni):0.608",0.60763353421602
34,1781193686,0.5696249181144943,0.4303750818855056,"S1(Al,B,C,Cr,Fe,Mo,Ni):0.570",0.5696249181144943
35,1781193687,0.5641931464438124,0.4358068535561877,"S1(Al,B,C,Cr,Fe,Mo,Ni):0.564",0.5641931464438124
36,1781193688,0.6487376387273491,0.3512623612726508,"S1(Al,B,C,Cr,Fe,Mo,Ni):0.649",0.6487376387273491
37,1781193689,0.5911474429168588,0.4088525570831411,"S1(Al,B,C,Cr,Fe,Mo,Ni):0.591",0.5911474429168588
38,1781193690,0.5973035484872196,0.40269645151278044,"S1(Al,B,C,Cr,Fe,Mo,Ni):0.597",0.5973035484872196
39,1781193691,0.6218324417045937,0.37816755829540627,"S1(Al,B,C,Cr,Fe,Mo,Ni):0.622",0.6218324417045937
40,1781193692,0.611163781749331,0.38883621825066905,"S1(Al,B,C,Cr,Fe,Mo,Ni):0.611",0.611163781749331
41,1781193694,0.6636874842668217,0.33631251573317833,"S1(Al,B,C,Cr,Fe,Mo,Ni):0.664",0.6636874842668217
42,1781193695,0.6377079801481393,0.3622920198518606,"S1(Al,B,C,Cr,Fe,Mo,Ni):0.638",0.6377079801481393
43,1781193696,0.6383569476919,0.3616430523081,"S1(Al,B,C,Cr,Fe,Mo,Ni):0.638",0.6383569476919
44,1781193697,0.54460255999244,0.45539744000755994,"S1(Al,B,C,Cr,Fe,Mo,Ni):0.545",0.54460255999244
45,1781193698,0.5527421510106227,0.44725784898937726,"S1(Al,B,C,Cr,Fe,Mo,Ni):0.553",0.5527421510106227
46,1781193699,0.5423469624425501,0.45765303755744985,"S1(Al,B,C,Cr,Fe,Mo,Ni):0.542",0.5423469624425501
47,1781193700,0.5572583456277858,0.44274165437221424,"S1(Al,B,C,Cr,Fe,Mo,Ni):0.557",0.5572583456277858
48,1781193701,0.6478181506386729,0.35218184936132707,"S1(Al,B,C,Cr,Fe,Mo,Ni):0.648",0.6478181506386729
49,1781193703,0.5125285085545059,0.487471491445494,"S1(Al,B,C,Cr,Fe,Mo,Ni):0.513",0.5125285085545059
50,1781193704,0.5960739333853109,0.40392606661468905,"S1(Al,B,C,Cr,Fe,Mo,Ni):0.596",0.5960739333853109
