key,reference,gas,T_ref_K,T_min_K,T_max_K,D_ref_m2_s,E_D_J_mol,D_0_m2_s,Ks_ref_mol_m3_Pa05,H_s_J_mol,K_s0_mol_m3_Pa05,Phi_ref_mol_m_s_Pa05,Q_p_J_mol,Phi_0_mol_m_s_Pa05,thickness_m,k1_ref_clean_mol_m2_s_Pa,E_k1_clean_J_mol,k1_0_clean,k1_ref_partial_mol_m2_s_Pa,E_k1_partial_J_mol,k1_0_partial,k1_ref_oxidized_mol_m2_s_Pa,E_k1_oxidized_J_mol,k1_0_oxidized,notes
Austenitic_SS_1,"San Marchi 2007, Table 1. doi:10.1016/j.ijhydene.2006.05.008",H₂,700.0,423,700,6.16e-11,54000,,0.06495,5900,,4.004e-12,,,,,,,,,,,,,"Austenitic stainless steel, calibrated from Table 1."
Austenitic_SS_2,"San Marchi 2007, Table 1. doi:10.1016/j.ijhydene.2006.05.008",H₂,700.0,423,703,5.734e-11,53620,,0.1104,8650,,6.339e-12,,,,,,,,,,,,,"Austenitic stainless steel, calibrated from Table 1."
Austenitic_SS_3,"San Marchi 2007, Table 1. doi:10.1016/j.ijhydene.2006.05.008",H₂,623.0,373,623,1.478e-11,49300,,0.07074,6860,,1.045e-12,,,,,,,,,,,,,"Austenitic stainless steel, calibrated from Table 1."
Austenitic_SS_300series,"San Marchi 2007, Table 3. doi:10.1016/j.ijhydene.2006.05.008",H₂,623.0,373,623,2.69e-11,53900,,0.04322,5900,,1.163e-12,,,,,,,,,,,,,"Austenitic stainless steel 300 series, calibrated from Table 3."
Austenitic_SS_21Cr_6Ni_9Mn_22Cr_13Ni_5Mn,"San Marchi 2007, Table 3. doi:10.1016/j.ijhydene.2006.05.008",H₂,623.0,373,623,1.633e-11,53900,,0.07107,5900,,1.161e-12,,,,,,,,,,,,,"Austenitic SS grades 21Cr–6Ni–9Mn and 22Cr–13Ni–5Mn, calibrated from Table 3."
Austenitic_SS_A286_JBK75_aged,"San Marchi 2007, Table 3. doi:10.1016/j.ijhydene.2006.05.008",H₂,623.0,373,623,3.629e-11,53900,,0.03297,5900,,1.197e-12,,,,,,,,,,,,,"Austenitic SS A-286/JBK-75 aged, calibrated from Table 3."
metal_316L_Heat_treated_ref_cast,Forcey et al. 1988 — Heat treated reference cast 316L austenitic steel,H₂,873,523,873,2.194e-10,42500,7.66e-08,0.02723,20585,0.464,1.881e-11,63085,1.12e-07,0.005,,,,,,,,,,Data in SI units. Phi_ref = D_ref * Ks_ref. Ks_0 = Phi_0/D_0 = 1.462.
metal_316L_Commercial,Forcey et al. 1988 — Commercial 316L austenitic steel,H₂,873,523,873,7.237e-10,45500,3.82e-07,0.1171,18510,1.5,2.655e-11,64030,1.8e-07,0.005,,,,,,,,,,Data in SI units. Phi_ref = D_ref * Ks_ref. Ks_0 = Phi_0/D_0 = 0.4712.
metal_1.4914_Heat_treated_ref_cast,Forcey et al. 1988 — Heat-treated reference cast 1.4914 martensitic steel,H₂,873,523,873,1.118e-08,13490,7.17e-08,0.02179,29620,1.29,7.7e-11,43100,2.92e-08,0.005,,,,,,,,,,Martensitic steel. Phi_ref = D_ref * Ks_ref. Ks_0 = Phi_0/D_0 = 0.4073.
metal_1.4914_Commercial,Forcey et al. 1988 — Commercial 1.4914 martensitic steel,H₂,873,523,873,1.047e-08,15470,8.82e-08,0.02903,26890,1.18,9.737e-11,43270,3.78e-08,0.005,,,,,,,,,,Martensitic steel. Phi_ref = D_ref * Ks_ref. Ks_0 = Phi_0/D_0 = 0.4286. Qs vs H_s diff = 910 J/mol (rounding in source).
Nickel_unoxidized_Strehlow1974_tableI,Strehlow & Savage 1974. DOI: 10.13182/NT74-A16282. TABLE I,D₂,896,873,973,,,,,,,1.872e-09,53550,,0.0009,,,,,,,,,,"Permeation rate at 1 Torr = 1.5e-3 to 1.7e-3 cm³(STP)/(h·cm²) = 1.56e-10 to 1.77e-10 mol/m/s/Pa^0.5. Activation energy range: [12.3, 12.6] kcal/mol = [51.463, 52.718] kJ/mol."
Nickel_unoxidized_Strehlow1974_tableII,Strehlow & Savage 1974. DOI: 10.13182/NT74-A16282. TABLE II,D₂,896,873,973,,,,,,,1.66e-09,53550,,0.001,,,,,,,,,,"Pressure dependence exponent n = [0.51, 0.55]. Permeation rate at 1 Torr = 1.58e-2 to 1.62e-2 cm³(STP)/(h·cm²) = 1.64e-9 to 1.68e-9 mol/m/s/Pa^0.5."
Hastelloy_N_unoxidized_Strehlow1974_tableI,Strehlow & Savage 1974. DOI: 10.13182/NT74-A16282. TABLE I,D₂,896,873,973,,,,,,,,,,0.0009,,,,,,,,,,"Permeation rate at 1 Torr = 1e-3 to 1e-2 cm³(STP)/(h·cm²) = 1.04e-10 to 1.04e-9 mol/m/s/Pa^0.5. Activation energy range: [17, 18] kcal/mol = [71.128, 75.312] kJ/mol."
Hastelloy_N_unoxidized_Strehlow1974_tableII,Strehlow & Savage 1974. DOI: 10.13182/NT74-A16282. TABLE II,D₂,842,873,973,,,,,,,2.808e-10,,,0.0009,,,,,,,,,,"Pressure dependence exponent n = [0.50, 0.54]. Activation energy range: [17, 18] kcal/mol = [71.128, 75.312] kJ/mol."
Type304L_SS_unoxidized_Strehlow1974_tableII_970K,Strehlow & Savage 1974. DOI: 10.13182/NT74-A16282. TABLE II,D₂,970,,,,,,,,,2.392e-10,,,0.0009,,,,,,,,,,Uncertainty on Phi_ref not available.
Type304L_SS_unoxidized_Strehlow1974_tableII_1058K,Strehlow & Savage 1974. DOI: 10.13182/NT74-A16282. TABLE II,D₂,1058,,,,,,,,,2.392e-10,,,0.0009,,,,,,,,,,"Pressure dependence exponent n = [0.65, 0.75]. Uncertainty = (-0.4, +0.4) × 1.04e-7."
Type304L_SS_oxidized_Strehlow1974_tableII_970K,Strehlow & Savage 1974. DOI: 10.13182/NT74-A16282. TABLE II,D₂,970,,,,,,,,,2.704e-11,,,0.0009,,,,,,,,,,"Pressure dependence exponent n = [0.49, 0.59]. Uncertainty = (-0.5, +0.5) × 1.04e-7."
Type406L_SS_oxidized_Strehlow1974_tableII_915K,Strehlow & Savage 1974. DOI: 10.13182/NT74-A16282. TABLE II,D₂,915,,,,,,,,,1.664e-12,,,0.0009,,,,,,,,,,"Pressure dependence exponent n = [0.4, 0.6]. Uncertainty = (-0.3, +0.3) × 1.04e-7."
Incoloy800_unoxidized_Strehlow1974_tableII_922K,Strehlow & Savage 1974. DOI: 10.13182/NT74-A16282. TABLE II,D₂,922,,,,,,,,,1.664e-10,,,0.0009,,,,,,,,,,"Pressure dependence exponent n = [0.56, 0.65]. Uncertainty = (-0.2, +0.2) × 1.04e-7."
Incoloy800_oxidized_Strehlow1974_tableII_922K,Strehlow & Savage 1974. DOI: 10.13182/NT74-A16282. TABLE II,D₂,922,,,,,,,,,4.888e-13,,,0.0009,,,,,,,,,,"Pressure dependence exponent n = [0.91, 1.10]. Uncertainty = (-0.4, +0.4) × 1.04e-7."
Incoloy800_oxidized_Strehlow1974_tableII_804K,Strehlow & Savage 1974. DOI: 10.13182/NT74-A16282. TABLE II,D₂,804,,,,,,,,,6.552e-11,,,0.0009,,,,,,,,,,"Pressure dependence exponent n = [0.49, 0.53]. Uncertainty = (-0.4, +0.4) × 1.04e-7."
CroloyT9_oxidized_Strehlow1974_tableII_846K,Strehlow & Savage 1974. DOI: 10.13182/NT74-A16282. TABLE II,D₂,846,,,,,,,,,6.864e-12,,,0.0009,,,,,,,,,,"Pressure dependence exponent n = [0.63, 0.73]. Uncertainty = (-0.5, +0.5) × 1.04e-7."
CroloyT9_oxidized_Strehlow1974_tableII_843K,Strehlow & Savage 1974. DOI: 10.13182/NT74-A16282. TABLE II,D₂,843,,,,,,,,,5.928e-13,,,0.0009,,,,,,,,,,"Pressure dependence exponent n = [0.83, 0.88]. Uncertainty = (-0.4, +0.4) × 1.04e-7."
CroloyT22_unoxidized_Strehlow1974_tableII_558K,Strehlow & Savage 1974. DOI: 10.13182/NT74-A16282. TABLE II,D₂,558,,,,,,,,,1.872e-11,,,0.0009,,,,,,,,,,"Pressure dependence exponent n = [0.66, 0.68]. Uncertainty = (-0.1, +0.1) × 1.04e-7."
CroloyT22_unoxidized_Strehlow1974_tableII_853K,Strehlow & Savage 1974. DOI: 10.13182/NT74-A16282. TABLE II,D₂,853,,,,,,,,,8.32e-10,,,0.0009,,,,,,,,,,"Pressure dependence exponent n = [0.55, 0.57]. Uncertainty = (-0.1, +0.1) × 1.04e-7."
CroloyT22_oxidized_Strehlow1974_tableII_853K,Strehlow & Savage 1974. DOI: 10.13182/NT74-A16282. TABLE II,D₂,853,,,,,,,,,6.24e-10,,,0.0009,,,,,,,,,,"Pressure dependence exponent n = [0.57, 0.61]. Uncertainty = (-0.1, +0.1) × 1.04e-7."
Incoloy800_unoxidized_Rohrig1975_1173K,Rohrig et al. 1975,D₂,1173,,,,,,,,,2.397e-10,74056,4.4415e-07,0.0033,,,,,,,,,,
Incoloy800_oxidized_Rohrig1975_1173K_v1,Rohrig et al. 1975,D₂,1173,,,,,,,,,2.397e-10,74056,4.4415e-07,0.0033,,,,,,,,,,
Incoloy800_oxidized_Rohrig1975_1173K_v2,Rohrig et al. 1975,D₂,1173,873,1223,,,,,,,5.499e-10,74056,1.049e-06,0.0033,,,,,,,,,,
Incoloy600_oxidized_Rohrig1975_1173K,Rohrig et al. 1975,D₂,1173,973,1223,,,,,,,6.627e-10,64015.2,4.5402e-07,0.0033,,,,,,,,,,
304L_SS_Rohrig1975_1173K,Rohrig et al. 1975,D₂,1173,973,1173,,,,,,,1.1844e-10,73220,2.0445e-07,0.0033,,,,,,,,,,
X15_CrNiSi_2520_oxidized_Rohrig1975_1173K,Rohrig et al. 1975,D₂,1173,773,1223,,,,,,,3.807e-10,64852,2.82e-10,0.0033,,,,,,,,,,
Hastelloy_N_oxidized_Rohrig1975_1173K_v1,Rohrig et al. 1975,D₂,1173,773,1223,,,,,,,4.23e-10,77947.92,1.173e-06,0.0033,,,,,,,,,,
Hastelloy_N_oxidized_Rohrig1975_1173K_v2,Rohrig et al. 1975,D₂,1173,773,1223,,,,,,,4.23e-10,77947.92,1.173e-06,0.0033,,,,,,,,,,Duplicate entry in source data — identical parameters.
Nickel_unoxidized_Rohrig1975_1173K,Rohrig et al. 1975,D₂,1173,773,1223,,,,,,,9.306e-10,53555.2,2.1714e-07,0.0033,,,,,,,,,,
metal_316_steel_Grant1988,"Grant et al. 1988 — Hydrogen in 316 steel: diffusion, permeation and surface reaction. DOI: 10.1016/0022-3115(88)90128-7",H₂,965,502,965,1.069e-09,53292.74,8.2e-07,0.1295,17791.96,1.19,1.384e-10,68756.78,8.9e-07,5e-05,1.346e-06,81560.34,0.035,6.726e-08,61856.16,0.00015,9.2e-08,59860.8,0.00016,"All parameter values include upper bound of stated uncertainty. k1 = dissociative adsorption / surface recombination rate constant. Three surface conditions measured: clean, partially ion-beam cleaned, and oxidized."
metal_1.4841_Schmidt1985,Schmidt et al. 1985 — Studies on the permeation of hydrogen and tritium through heat resistant alloys,T₂,1223,1023,1223,1.046e-09,35400,3.4e-08,0.0901,21500,0.7465,9.423e-11,56900,2.538e-08,0.005,,,,,,,,,,Phi_ref = D_ref * Ks_ref.
metal_1.4876_Incoloy800_Schmidt1985_v1,Schmidt et al. 1985,T₂,1223,1023,1223,3.783e-09,56400,9.7e-07,0.02138,200,0.0218,8.088e-11,56600,2.115e-08,0.005,,,,,,,,,,Phi_ref = D_ref * Ks_ref.
metal_X2_NiCr_30_25_Schmidt1985,Schmidt et al. 1985,T₂,1223,1023,1223,3.333e-09,69500,3.1e-06,0.06505,10200,0.1774,2.168e-10,79700,5.499e-07,0.005,,,,,,,,,,Phi_ref = D_ref * Ks_ref.
metal_X2_NiCrSi_30_25_Schmidt1985,Schmidt et al. 1985,T₂,1223,1023,1223,4.067e-09,102900,0.000101,0.1843,68600,156.9,7.497e-10,171500,0.01585,0.005,,,,,,,,,,Phi_ref = D_ref * Ks_ref.
metal_X2_NiCrTi_30_25_Schmidt1985,Schmidt et al. 1985,T₂,1223,1023,1223,3.056e-09,62300,1.4e-06,0.008059,29100,0.141,2.463e-11,91400,1.974e-07,0.005,,,,,,,,,,Phi_ref = D_ref * Ks_ref.
metal_X10_NiCrTi_30_25_Schmidt1985,Schmidt et al. 1985,T₂,1223,1023,1223,1.152e-09,42600,7.6e-08,0.07315,45900,6.679,8.424e-11,88500,5.076e-07,0.005,,,,,,,,,,Phi_ref = D_ref * Ks_ref.
metal_X40_NiCrTi_30_25_Schmidt1985,Schmidt et al. 1985,T₂,1223,1023,1223,6.909e-10,23400,6.9e-09,0.09948,33400,2.657,6.873e-11,56800,1.833e-08,0.005,,,,,,,,,,Phi_ref = D_ref * Ks_ref.
metal_X10_NiCr_30_20_Schmidt1985,Schmidt et al. 1985,T₂,1223,1023,1223,2.117e-09,48100,2.4e-07,0.07104,39700,3.525,1.504e-10,87800,8.46e-07,0.005,,,,,,,,,,Phi_ref = D_ref * Ks_ref.
metal_X10_NiCr_30_22_Schmidt1985,Schmidt et al. 1985,T₂,1223,1023,1223,1.764e-09,48600,2.1e-07,0.06537,44700,5.304,1.153e-10,93300,1.114e-06,0.005,,,,,,,,,,Phi_ref = D_ref * Ks_ref.
metal_X10_NiCr_30_26_Schmidt1985,Schmidt et al. 1985,T₂,1223,1023,1223,2.555e-09,112800,0.000168,0.1502,85900,700.8,3.838e-10,198700,0.1177,0.005,,,,,,,,,,Phi_ref = D_ref * Ks_ref.
metal_X10_NiCrAlTi_32_12_Incoloy800H_Schmidt1985,Schmidt et al. 1985,H₂,1223,1023,1223,,,,,,,8.05e-10,75200,1.311e-06,0.005,,,,,,,,,,Phi_ref computed from Phi_0 and Q_p via Arrhenius (D_0/Ks_0 unavailable).
metal_NiCr_22_CoMoAl_Inconel617_Schmidt1985_1023K,Schmidt et al. 1985,H₂,1023,1023,1223,,,,,,,2.349e-10,68100,7.05e-07,0.005,,,,,,,,,,Phi_ref computed from Phi_0 and Q_p via Arrhenius (D_0/Ks_0 unavailable).
metal_NiCr_22_CoMoAl_Inconel617_Schmidt1985_1173K,Schmidt et al. 1985,H₂,1173,1023,1173,,,,,,,3.973e-10,83000,1.974e-06,0.005,,,,,,,,,,Trapping effects observed. Phi_ref computed from Phi_0 and Q_p via Arrhenius (D_0/Ks_0 unavailable).
metal_NiCr_22_MoFeNb_Inconel625_Schmidt1985,Schmidt et al. 1985,H₂,1173,1023,1173,,,,,,,3.183e-10,60000.0,2.397e-07,0.005,,,,,,,,,,Trapping effects observed. Phi_ref computed from Phi_0 and Q_p via Arrhenius (D_0/Ks_0 unavailable).
metal_X40_NiCrAlTi_31_19_Incoloy802_Schmidt1985,Schmidt et al. 1985,T₂,1223,1023,1223,2.474e-09,72200,3e-06,0.05093,7200,0.1034,1.26e-10,79400,3.102e-07,0.005,,,,,,,,,,Phi_ref = D_ref * Ks_ref.
metal_1.4762_Schmidt1985,Schmidt et al. 1985,T₂,1123,973,1123,,,,,,,,,,0.005,,,,,,,,,,Phase transformation in temperature range. No permeation data provided.
metal_1.4763_Schmidt1985,Schmidt et al. 1985,T₂,1123,973,1123,,,,,,,2.731e-11,141300,0.0001021,0.005,,,,,,,,,,Phase transformation in temperature range. Phi_ref computed from Phi_0 and Q_p via Arrhenius (D_0/Ks_0 unavailable).
metal_1.4301_Schmidt1985_v1,Schmidt et al. 1985,T₂,1223,1023,1223,1.62e-09,46700,1.6e-07,0.2091,73500,288.2,3.387e-10,120200,4.611e-05,0.005,,,,,,,,,,Phi_ref = D_ref * Ks_ref.
metal_1.4301_Schmidt1985_v2,Schmidt et al. 1985,T₂,1223,1023,1223,2.857e-09,54200,5.9e-07,0.1061,15300,0.478,3.032e-10,69500,2.82e-07,0.005,,,,,,,,,,Phi_ref = D_ref * Ks_ref.
metal_1.4401_Schmidt1985,Schmidt et al. 1985,T₂,1223,1023,1223,3.229e-09,50200,4.5e-07,0.03966,3000,0.05327,1.281e-10,53200,2.397e-08,0.005,,,,,,,,,,Phi_ref = D_ref * Ks_ref.
metal_1.4541_Schmidt1985,Schmidt et al. 1985,T₂,1223,1023,1223,2.1e-09,56800,5.6e-07,0.08383,26700,1.158,1.76e-10,83500,6.486e-07,0.005,,,,,,,,,,Phi_ref = D_ref * Ks_ref.
metal_1.4571_Schmidt1985,Schmidt et al. 1985,T₂,1223,1023,1223,1.83e-09,50000,2.5e-07,0.1027,22100,0.9024,1.879e-10,72100,2.256e-07,0.005,,,,,,,,,,Phi_ref = D_ref * Ks_ref.
metal_1.4550_Schmidt1985,Schmidt et al. 1985,T₂,1223,1023,1223,1.442e-09,53200,2.7e-07,0.1024,35600,3.394,1.477e-10,88800,9.165e-07,0.005,,,,,,,,,,Phi_ref = D_ref * Ks_ref.
metal_1.4580_Schmidt1985,Schmidt et al. 1985,T₂,1223,1023,1223,1.703e-09,62300,7.8e-07,1.036,4700,1.645,1.764e-09,67000,1.283e-06,0.005,,,,,,,,,,Phi_ref = D_ref * Ks_ref.
metal_X10_NiCrNbAl_30_25_Schmidt1985,Schmidt et al. 1985,H₂,1223,1023,1223,,,,,,,9.468e-10,63900,5.076e-07,0.005,,,,,,,,,,Phi_ref computed from Phi_0 and Q_p via Arrhenius (D_0/Ks_0 unavailable).
metal_X10_NiCrNbAlTi_30_25_Schmidt1985,Schmidt et al. 1985,H₂,1223,1023,1223,,,,,,,3.156e-10,63900,1.692e-07,0.005,,,,,,,,,,Phi_ref computed from Phi_0 and Q_p via Arrhenius (D_0/Ks_0 unavailable).
metal_NiCr_22_FeW_Schmidt1985,Schmidt et al. 1985,H₂,1223,1023,1223,,,,,,,3.854e-10,46700,3.807e-08,0.005,,,,,,,,,,Phi_ref computed from Phi_0 and Q_p via Arrhenius (D_0/Ks_0 unavailable).
metal_X25_NiCrNb_30_27_Schmidt1985,Schmidt et al. 1985,H₂,1223,1023,1223,,,,,,,2.425e-10,70700,2.538e-07,0.005,,,,,,,,,,Phi_ref computed from Phi_0 and Q_p via Arrhenius (D_0/Ks_0 unavailable).
metal_X25_NiCrNbCe_30_30_Schmidt1985,Schmidt et al. 1985,H₂,1223,1023,1223,,,,,,,7.573e-10,135400,0.0004597,0.005,,,,,,,,,,Oxidation observed. Phi_ref computed from Phi_0 and Q_p via Arrhenius (D_0/Ks_0 unavailable).
metal_X25_NiCrCoNb_30_27_Schmidt1985,Schmidt et al. 1985,H₂,1223,1023,1223,,,,,,,1.787e-10,78300,3.948e-07,0.005,,,,,,,,,,Phi_ref computed from Phi_0 and Q_p via Arrhenius (D_0/Ks_0 unavailable).
metal_X25_NiCrSiNbCe_35_27_Schmidt1985,Schmidt et al. 1985,H₂,1223,1023,1223,,,,,,,6.278e-10,62100,2.82e-07,0.005,,,,,,,,,,Phi_ref computed from Phi_0 and Q_p via Arrhenius (D_0/Ks_0 unavailable).
metal_Nimonic_PE_13_Schmidt1985,Schmidt et al. 1985,T₂,1223,1023,1223,1.908e-09,33800,5.3e-08,0.06469,18500,0.3991,1.234e-10,52300,2.115e-08,0.005,,,,,,,,,,Phi_ref = D_ref * Ks_ref.
metal_1.4876_Incoloy800_Schmidt1985_v2,Forcey et al. — H₂ 600–950°C,H₂,1223,873,1223,,,,,,,2.884e-09,59900,1.043e-06,0.005,,,,,,,,,,Phi_ref computed from Phi_0 and Q_p via Arrhenius (D_0/Ks_0 unavailable).
metal_various_D2_100_450C,"Various authors — D₂, 100–450°C",D₂,723,373,723,5.897e-11,54000,4.7e-07,0.1334,1800,0.18,7.868e-12,55800,8.46e-08,0.005,,,,,,,,,,Phi_ref = D_ref * Ks_ref.
metal_AISI_304_Perng_Altstetter,"Perng & Altstetter — AISI 304, H₂ 100–600°C",H₂,873,373,873,1.501e-09,54400,2.7e-06,0.00032,9600,0.001201,4.802e-13,64000,3.243e-09,0.005,,,,,,,,,,Phi_ref = D_ref * Ks_ref.
metal_AISI_304_316_Brass_Chene_grain_boundary,"Brass & Chene — AISI 304/316, grain boundary, T₂ -78–185°C",T₂,458,195,458,1.284e-08,42400,0.00088,,,,,,,0.005,,,,,,,,,,Grain boundary diffusion. Solubility/permeation data not provided.
metal_AISI_304_316_Louthan_Derrick,"Louthan & Derrick — AISI 304/316, T₂ 25–222°C",T₂,495,298,495,1.178e-12,58600,1.8e-06,,,,,,,0.005,,,,,,,,,,Solubility/permeation data not provided.
metal_AISI_304L_Louthan,"Louthan et al. — AISI 304L, T₂ 22–157°C",T₂,430,295,430,7.438e-14,54000,2.7e-07,,,,,,,0.005,,,,,,,,,,Solubility/permeation data not provided.
Incoloy800_JAERI_Forcey,JAERI-Tech 2002-090; Forcey et al. 1988,H₂,1073.15,873,1273,1.43e-09,52000,,0.0592,-20000,,,,,,,,,,,,,,,Calibrated to experimental permeability data.
Fe_alpha_SanMarchi2007,San Marchi 2007,H₂,1073.15,298,1173,2.5e-08,4200,,0.12,28600,,,,,,,,,,,,,,,
